station_id,triplet,name,state,lat,lon,elevation_m
1267,1267:AK:SNTL,Alexander Lake,AK,61.7493,-150.89199,51.8
1189,1189:AK:SNTL,American Creek,AK,64.78969,-141.23376,310.9
1062,1062:AK:SNTL,Anchor River Divide,AK,59.8608,-151.31494,502.9
1070,1070:AK:SNTL,Anchorage Hillside,AK,61.11315,-149.68345,582.2
2065,2065:AK:SNTL,Aniak,AK,61.58337,-159.57708,27.4
957,957:AK:SNTL,Atigun Pass,AK,68.12983,-149.47817,1456.9
1182,1182:AK:SNTL,Bettles Field,AK,66.91467,-151.53318,195.1
1260,1260:AK:SNTL,Chena Lakes,AK,64.75793,-147.21823,152.4
1093,1093:AK:SNTL,Chisana,AK,62.06947,-142.04919,1011.9
958,958:AK:SNTL,Coldfoot,AK,67.25333,-150.183,326.1
959,959:AK:SNTL,Cooper Lake,AK,60.39027,-149.6936,350.5
1302,1302:AK:SNTL,Creamers Field,AK,64.86534,-147.73617,134.1
1303,1303:AK:SNTL,Dahl Creek,AK,66.94517,-156.90318,76.2
960,960:AK:SNTL,Eagle Summit,AK,65.48588,-145.41212,1106.4
1332,1332:AK:SNTL,Elmendorf Field,AK,61.24777,-149.82331,51.8
1071,1071:AK:SNTL,Esther Island,AK,60.798,-148.0857,15.2
1092,1092:AK:SNTL,Exit Glacier,AK,60.18957,-149.6228,109.7
1268,1268:AK:SNTL,Fielding Lake,AK,63.2026,-145.63442,914.4
1285,1285:AK:SNTL,Flower Mountain,AK,59.39617,-136.28123,774.2
961,961:AK:SNTL,Fort Yukon,AK,66.5705,-145.24553,134.1
641,641:AK:SNTL,Frostbite Bottom,AK,61.74699,-149.26769,819.9
429,429:AK:SNTL,Galena AK,AK,64.69662,-156.71497,103.6
962,962:AK:SNTL,Gobblers Knob,AK,66.745,-150.6675,621.8
956,956:AK:SNTL,Grandview,AK,60.60832,-149.06313,326.1
963,963:AK:SNTL,Granite Crk,AK,63.94382,-145.39993,381.0
964,964:AK:SNTL,Grouse Creek Divide,AK,60.25965,-149.34228,219.5
2222,2222:AK:SNTL,Gulkana River,AK,62.40962,-145.37513,557.8
1270,1270:AK:SNTL,Heen Latinee,AK,58.69652,-134.86448,640.1
1318,1318:AK:SNTL,Hoonah,AK,58.12411,-135.413,463.3
2210,2210:AK:SNTL,Hozatka Lake,AK,65.19405,-156.64113,67.1
968,968:AK:SNTL,Imnaviat Creek,AK,68.61652,-149.3033,932.7
1091,1091:AK:SNTL,Independence Mine,AK,61.79001,-149.2839,1051.6
946,946:AK:SNTL,Indian Pass,AK,61.06577,-149.48543,731.5
1275,1275:AK:SNTL,Jack Wade Jct,AK,64.14797,-141.32985,1115.6
1036,1036:AK:SNTL,Johnsons Camp,AK,64.5646,-164.29257,3.0
1072,1072:AK:SNTL,Kantishna,AK,63.53667,-150.98593,484.6
1175,1175:AK:SNTL,Kelly Station,AK,67.9297,-162.2906,91.4
966,966:AK:SNTL,Kenai Moose Pens,AK,60.72499,-150.47369,88.4
947,947:AK:SNTL,Little Chena Ridge,AK,65.12422,-146.7339,655.3
1001,1001:AK:SNTL,Long Lake,AK,58.186,-133.83217,256.0
768,768:AK:SNTL,Look Eyrie,AK,63.32192,-145.59655,1536.2
1265,1265:AK:SNTL,Lower Kachemak Creek,AK,59.73516,-150.69429,597.4
1096,1096:AK:SNTL,May Creek,AK,61.34918,-142.69355,472.4
785,785:AK:SNTL,McGrath,AK,62.94652,-155.6102,103.6
1003,1003:AK:SNTL,Mcneil Canyon,AK,59.74521,-151.25839,411.5
1191,1191:AK:SNTL,Mcneil River SGS,AK,59.08358,-154.27785,33.5
1064,1064:AK:SNTL,Middle Fork Bradley,AK,59.77711,-150.75698,710.2
1094,1094:AK:SNTL,Monahan Flat,AK,63.30464,-147.64883,819.9
949,949:AK:SNTL,Monument Creek,AK,65.07738,-145.87358,560.8
1176,1176:AK:SNTL,Moore Creek Bridge,AK,59.58668,-135.19455,685.8
1035,1035:AK:SNTL,Moraine,AK,61.37727,-148.99917,612.6
1103,1103:AK:SNTL,Mt. Alyeska,AK,60.95842,-149.08858,457.2
1073,1073:AK:SNTL,Mt. Eyak,AK,60.55648,-145.72201,442.0
948,948:AK:SNTL,Mt. Ryan,AK,65.25113,-146.15133,838.2
950,950:AK:SNTL,Munson Ridge,AK,64.85168,-146.21215,920.5
2081,2081:AK:SNTL,Nenana,AK,64.68582,-148.9113,112.8
1037,1037:AK:SNTL,Nuka Glacier,AK,59.69804,-150.71163,374.9
1301,1301:AK:SNTL,Paradise Hill,AK,62.83329,-141.40918,612.6
986,986:AK:SNTL,Pargon Creek,AK,64.99619,-163.10514,27.4
1327,1327:AK:SNTL,Pilgrim Hot Springs,AK,65.09455,-164.92472,6.1
987,987:AK:SNTL,Port Graham,AK,59.35065,-151.84768,82.3
1177,1177:AK:SNTL,Prudhoe Bay,AK,70.28062,-148.89778,15.2
973,973:AK:SNTL,Rocky Point,AK,64.54988,-163.48399,54.9
1183,1183:AK:SNTL,Sagwon,AK,69.42417,-148.6925,304.8
1330,1330:AK:SNTL,Seven Mile,AK,65.93772,-149.8631,201.2
2044,2044:AK:SNTL,Spring Creek,AK,61.65653,-149.12926,179.8
1095,1095:AK:SNTL,Sugarloaf Mtn,AK,61.08042,-146.30202,161.5
955,955:AK:SNTL,Summit Creek,AK,60.61713,-149.53128,408.4
967,967:AK:SNTL,Susitna Valley High,AK,62.13245,-150.04391,109.7
1266,1266:AK:SNTL,Telaquana Lake,AK,60.98347,-153.91866,381.0
951,951:AK:SNTL,Teuchet Creek,AK,64.94763,-145.52079,475.5
2080,2080:AK:SNTL,Tok,AK,63.32529,-143.03834,499.9
1089,1089:AK:SNTL,Tokositna Valley,AK,62.62918,-150.7741,256.0
954,954:AK:SNTL,Turnagain Pass,AK,60.78043,-149.18325,566.9
952,952:AK:SNTL,Upper Chena,AK,65.09852,-144.93318,850.4
1090,1090:AK:SNTL,Upper Nome Creek,AK,65.3671,-146.592,762.0
1055,1055:AK:SNTL,Upper Tsaina River,AK,61.19112,-145.64807,527.3
308,308:AZ:SNTL,Baker Butte,AZ,34.45654,-111.40651,2243.3
1140,1140:AZ:SNTL,Baker Butte Smt,AZ,34.45552,-111.38262,2356.1
310,310:AZ:SNTL,Baldy,AZ,33.97845,-109.50357,2807.2
1212,1212:AZ:SNTL,Bar M,AZ,34.86142,-111.60497,1944.6
902,902:AZ:SNTL,Beaver Head,AZ,33.69115,-109.21685,2459.7
1143,1143:AZ:SNTL,Beaver Spring,AZ,36.32671,-109.05702,2816.4
1139,1139:AZ:SNTL,Chalender,AZ,35.26238,-112.06221,2139.7
416,416:AZ:SNTL,Coronado Trail,AZ,33.80418,-109.15352,2560.3
1121,1121:AZ:SNTL,Fort Valley,AZ,35.26773,-111.74479,2243.3
488,488:AZ:SNTL,Fry,AZ,35.07356,-111.84477,2200.7
511,511:AZ:SNTL,Hannagan Meadows,AZ,33.65352,-109.30877,2752.3
969,969:AZ:SNTL,Happy Jack,AZ,34.74594,-111.41219,2292.1
1271,1271:AZ:SNTL,Hawley Lake,AZ,33.97121,-109.76531,2526.8
519,519:AZ:SNTL,Heber,AZ,34.31254,-110.75433,2331.7
617,617:AZ:SNTL,Maverick Fork,AZ,33.92123,-109.45872,2807.2
640,640:AZ:SNTL,Mormon Mountain,AZ,34.94141,-111.51864,2283.0
1125,1125:AZ:SNTL,Mormon Mtn Summit,AZ,34.96942,-111.50868,2575.6
1127,1127:AZ:SNTL,Nutrioso,AZ,33.89791,-109.15465,2606.0
705,705:AZ:SNTL,Promontory,AZ,34.36848,-111.01088,2417.1
927,927:AZ:SNTL,Snowslide Canyon,AZ,35.34179,-111.65084,2962.7
861,861:AZ:SNTL,White Horse Lake,AZ,35.14189,-112.14966,2191.5
866,866:AZ:SNTL,Wildcat,AZ,33.74347,-109.48078,2392.7
877,877:AZ:SNTL,Workman Creek,AZ,33.81259,-110.91852,2142.7
301,301:CA:SNTL,Adin Mtn,CA,41.23583,-120.79192,1880.6
356,356:CA:SNTL,Blue Lakes,CA,38.60801,-119.92455,2456.7
1051,1051:CA:SNTL,Burnside Lake,CA,38.71943,-119.8942,2493.3
1067,1067:CA:SNTL,Carson Pass,CA,38.6927,-120.0022,2548.1
391,391:CA:SNTL,Cedar Pass,CA,41.58216,-120.30253,2151.9
977,977:CA:SNTL,Crowder Flat,CA,41.89318,-120.75202,1578.9
428,428:CA:SNTL,Css Lab,CA,39.32565,-120.36807,2100.1
446,446:CA:SNTL,Dismal Swamp,CA,41.99127,-120.18033,2246.4
462,462:CA:SNTL,Ebbetts Pass,CA,38.5497,-119.80468,2639.6
463,463:CA:SNTL,Echo Peak,CA,38.849,-120.0795,2331.7
473,473:CA:SNTL,Fallen Leaf,CA,38.93403,-120.0545,1905.0
1049,1049:CA:SNTL,Forestdale Creek,CA,38.68245,-119.9597,2453.6
1277,1277:CA:SNTL,Fredonyer Peak,CA,40.68799,-120.60805,2200.7
508,508:CA:SNTL,Hagans Meadow,CA,38.8519,-119.9374,2359.2
518,518:CA:SNTL,Heavenly Valley,CA,38.92431,-119.91641,2603.0
1050,1050:CA:SNTL,Horse Meadow,CA,38.83652,-119.88732,2615.2
539,539:CA:SNTL,Independence Camp,CA,39.45269,-120.29367,2124.5
540,540:CA:SNTL,Independence Creek,CA,39.49001,-120.28226,1962.9
541,541:CA:SNTL,Independence Lake,CA,39.42752,-120.31342,2542.0
574,574:CA:SNTL,Leavitt Lake,CA,38.27594,-119.61281,2926.1
575,575:CA:SNTL,Leavitt Meadows,CA,38.30367,-119.55111,2194.6
587,587:CA:SNTL,Lobdell Lake,CA,38.43745,-119.36572,2822.4
1331,1331:CA:SNTL,Lost Lakes,CA,38.64745,-119.95141,2633.5
633,633:CA:SNTL,Monitor Pass,CA,38.6683,-119.6087,2535.9
784,784:CA:SNTL,Palisades Tahoe,CA,39.18986,-120.26576,2441.4
697,697:CA:SNTL,Poison Flat,CA,38.50576,-119.62624,2356.1
724,724:CA:SNTL,Rubicon #2,CA,38.99927,-120.13139,2304.3
771,771:CA:SNTL,Sonora Pass,CA,38.31021,-119.6003,2673.1
778,778:CA:SNTL,Spratt Creek,CA,38.66627,-119.81741,1847.1
1258,1258:CA:SNTL,State Line,CA,41.98609,-120.71574,1734.3
1052,1052:CA:SNTL,Summit Meadow,CA,38.39747,-119.53522,2852.9
809,809:CA:SNTL,Tahoe City Cross,CA,39.17162,-120.15362,2060.4
834,834:CA:SNTL,Truckee #2,CA,39.30087,-120.18407,1981.2
846,846:CA:SNTL,Virginia Lakes Ridge,CA,38.07298,-119.23433,2865.1
848,848:CA:SNTL,Ward Creek #3,CA,39.13545,-120.21865,2057.4
1317,1317:CA:SNTL,Willow Flat CA,CA,38.27203,-119.45124,2505.5
1344,1344:CO:SNTL,Alta Lakes,CO,37.88929,-107.84484,3441.2
303,303:CO:SNTL,Apishapa,CO,37.33067,-105.06766,3048.0
1030,1030:CO:SNTL,Arapaho Ridge,CO,40.35098,-106.38141,3340.6
322,322:CO:SNTL,Bear Lake,CO,40.31176,-105.6467,2892.6
1061,1061:CO:SNTL,Bear River,CO,40.06152,-107.00948,2773.7
327,327:CO:SNTL,Beartown,CO,37.71433,-107.5124,3529.6
1041,1041:CO:SNTL,Beaver Ck Village,CO,39.59871,-106.51113,2599.9
335,335:CO:SNTL,Berthoud Summit,CO,39.80364,-105.77786,3444.2
345,345:CO:SNTL,Bison Lake,CO,39.76458,-107.35628,3337.6
1185,1185:CO:SNTL,Black Mesa,CO,37.78968,-108.18376,3529.6
1161,1161:CO:SNTL,Black Mountain,CO,40.8879,-105.66404,2724.9
369,369:CO:SNTL,Brumley,CO,39.08758,-106.54231,3221.7
938,938:CO:SNTL,Buckskin Joe,CO,39.30378,-106.11316,3401.6
913,913:CO:SNTL,Buffalo Park,CO,40.22838,-106.5962,2816.4
378,378:CO:SNTL,Burro Mountain,CO,39.87504,-107.59902,2831.6
380,380:CO:SNTL,Butte,CO,38.89435,-106.95327,3105.9
387,387:CO:SNTL,Cascade #2,CO,37.65751,-107.80287,2740.2
1326,1326:CO:SNTL,Castle Peak,CO,39.00074,-106.83912,3508.2
1101,1101:CO:SNTL,Chapman Tunnel,CO,39.2621,-106.62944,3075.4
1059,1059:CO:SNTL,Cochetopa Pass,CO,38.16273,-106.5988,3054.1
408,408:CO:SNTL,Columbine,CO,40.39591,-106.60437,2795.0
409,409:CO:SNTL,Columbine Pass,CO,38.41819,-108.38313,2792.0
904,904:CO:SNTL,Columbus Basin,CO,37.44146,-108.02468,3285.7
412,412:CO:SNTL,Copeland Lake,CO,40.20733,-105.5695,2612.1
415,415:CO:SNTL,Copper Mountain,CO,39.48917,-106.17154,3200.4
426,426:CO:SNTL,Crosho,CO,40.16749,-107.05769,2731.0
430,430:CO:SNTL,Culebra #2,CO,37.20939,-105.19988,3218.7
431,431:CO:SNTL,Cumbres Trestle,CO,37.01877,-106.45275,3057.1
438,438:CO:SNTL,Deadman Hill,CO,40.80572,-105.77018,3121.2
457,457:CO:SNTL,Dry Lake,CO,40.5337,-106.7814,2511.6
936,936:CO:SNTL,Echo Lake,CO,39.65539,-105.59358,3249.2
465,465:CO:SNTL,El Diente Peak,CO,37.78607,-108.02235,3112.0
467,467:CO:SNTL,Elk River,CO,40.84758,-106.96861,2654.8
1252,1252:CO:SNTL,Elkhead Divide,CO,40.79637,-107.10113,2676.1
1120,1120:CO:SNTL,Elliot Ridge,CO,39.8638,-106.42473,3215.6
1325,1325:CO:SNTL,Elwood Pass,CO,37.40563,-106.64136,3560.1
1186,1186:CO:SNTL,Fool Creek,CO,39.86866,-105.86765,3392.4
485,485:CO:SNTL,Fremont Pass,CO,39.38014,-106.19784,3447.3
1057,1057:CO:SNTL,Glen Cove,CO,38.87602,-105.07605,3477.8
1058,1058:CO:SNTL,Grayback,CO,37.47051,-106.5379,3541.8
505,505:CO:SNTL,Grizzly Peak,CO,39.64646,-105.8694,3386.3
1102,1102:CO:SNTL,Hayden Pass,CO,38.29303,-105.85027,3261.4
1187,1187:CO:SNTL,High Lonesome,CO,40.0359,-105.75472,3240.0
531,531:CO:SNTL,Hoosier Pass,CO,39.36092,-106.05999,3535.7
1122,1122:CO:SNTL,Hourglass Lake,CO,40.57717,-105.62584,2859.0
538,538:CO:SNTL,Idarado,CO,37.93389,-107.6762,2980.9
542,542:CO:SNTL,Independence Pass,CO,39.07543,-106.61154,3221.7
547,547:CO:SNTL,Ivanhoe,CO,39.29228,-106.54907,3212.6
935,935:CO:SNTL,Jackwhacker Gulch,CO,39.57096,-105.80355,3361.9
551,551:CO:SNTL,Joe Wright,CO,40.53285,-105.88747,3090.7
970,970:CO:SNTL,Jones Pass,CO,39.7645,-105.90655,3179.1
556,556:CO:SNTL,Kiln,CO,39.3172,-106.61501,2929.1
564,564:CO:SNTL,Lake Eldora,CO,39.93659,-105.59031,2956.6
565,565:CO:SNTL,Lake Irene,CO,40.41446,-105.81941,3255.3
580,580:CO:SNTL,Lily Pond,CO,37.38028,-106.54823,3374.1
586,586:CO:SNTL,Lizard Head Pass,CO,37.79895,-107.92475,3105.9
589,589:CO:SNTL,Lone Cone,CO,37.89169,-108.19636,2965.7
1123,1123:CO:SNTL,Long Draw Resv,CO,40.51154,-105.7654,3041.9
940,940:CO:SNTL,Lost Dog,CO,40.81557,-106.74833,2849.9
602,602:CO:SNTL,Loveland Basin,CO,39.67428,-105.90264,3477.8
607,607:CO:SNTL,Lynx Pass,CO,40.07832,-106.67095,2715.8
905,905:CO:SNTL,Mancos,CO,37.43109,-108.17005,3054.1
618,618:CO:SNTL,Mc Clure Pass,CO,39.12899,-107.28834,2670.0
1040,1040:CO:SNTL,Mccoy Park,CO,39.60231,-106.544,2895.6
914,914:CO:SNTL,Medano Pass,CO,37.85192,-105.43666,2941.3
622,622:CO:SNTL,Mesa Lakes,CO,39.05738,-108.05756,3096.8
937,937:CO:SNTL,Michigan Creek,CO,39.43579,-105.91072,3261.4
624,624:CO:SNTL,Middle Creek,CO,37.61779,-107.03932,3432.0
1014,1014:CO:SNTL,Middle Fork Camp,CO,39.79565,-106.02802,2731.0
629,629:CO:SNTL,Mineral Creek,CO,37.84737,-107.72657,3057.1
632,632:CO:SNTL,Molas Lake,CO,37.74929,-107.68933,3233.9
1124,1124:CO:SNTL,Moon Pass,CO,37.96627,-106.55857,3386.3
658,658:CO:SNTL,Nast Lake,CO,39.29695,-106.60786,2654.8
1031,1031:CO:SNTL,Never Summer,CO,40.40392,-105.95567,3139.4
663,663:CO:SNTL,Niwot,CO,40.03581,-105.5452,3029.7
669,669:CO:SNTL,North Lost Trail,CO,39.07818,-107.14388,2801.1
675,675:CO:SNTL,Overland Res.,CO,39.09035,-107.63583,3014.5
680,680:CO:SNTL,Park Cone,CO,38.81982,-106.58962,2926.1
682,682:CO:SNTL,Park Reservoir,CO,39.04433,-107.87951,3045.0
688,688:CO:SNTL,Phantom Valley,CO,40.39803,-105.84606,2752.3
701,701:CO:SNTL,Porphyry Creek,CO,38.48864,-106.33967,3288.8
709,709:CO:SNTL,Rabbit Ears,CO,40.36735,-106.74118,2862.1
1324,1324:CO:SNTL,Rat Creek,CO,37.93571,-106.98192,3560.1
1032,1032:CO:SNTL,Rawah,CO,40.70794,-106.00727,2773.7
713,713:CO:SNTL,Red Mountain Pass,CO,37.89168,-107.71389,3371.1
717,717:CO:SNTL,Ripple Creek,CO,40.10844,-107.29383,3151.6
718,718:CO:SNTL,Roach,CO,40.87498,-106.04675,2959.6
939,939:CO:SNTL,Rough And Tumble,CO,39.02611,-106.08063,3176.0
1100,1100:CO:SNTL,Saint Elmo,CO,38.69985,-106.36805,3176.0
1128,1128:CO:SNTL,Sargents Mesa,CO,38.2856,-106.37085,3502.2
1251,1251:CO:SNTL,Sawtooth,CO,40.13632,-105.58486,2938.3
737,737:CO:SNTL,Schofield Pass,CO,39.01467,-107.04933,3243.1
739,739:CO:SNTL,Scotch Creek,CO,37.64562,-108.00833,2792.0
1060,1060:CO:SNTL,Sharkstooth,CO,37.50356,-108.11405,3270.5
762,762:CO:SNTL,Slumgullion,CO,37.99076,-107.20392,3523.5
773,773:CO:SNTL,South Colony,CO,37.96647,-105.53671,3288.8
780,780:CO:SNTL,Spud Mountain,CO,37.69883,-107.77841,3249.2
793,793:CO:SNTL,Stillwater Creek,CO,40.22532,-105.9198,2670.0
797,797:CO:SNTL,Stump Lakes,CO,37.47647,-107.63348,3422.9
802,802:CO:SNTL,Summit Ranch,CO,39.71803,-106.1577,2849.9
825,825:CO:SNTL,Tower,CO,40.5374,-106.67655,3233.9
827,827:CO:SNTL,Trapper Lake,CO,39.99881,-107.23618,2971.8
829,829:CO:SNTL,Trinchera,CO,37.35296,-105.23259,3310.1
838,838:CO:SNTL,University Camp,CO,40.03307,-105.57562,3148.6
839,839:CO:SNTL,Upper Rio Grande,CO,37.72172,-107.25971,2856.0
840,840:CO:SNTL,Upper San Juan,CO,37.48563,-106.83528,3090.7
1141,1141:CO:SNTL,Upper Taylor,CO,38.99071,-106.74504,3264.4
1005,1005:CO:SNTL,Ute Creek,CO,37.6148,-105.37322,3267.5
842,842:CO:SNTL,Vail Mountain,CO,39.61765,-106.38019,3136.4
843,843:CO:SNTL,Vallecito,CO,37.48524,-107.50748,3273.6
1188,1188:CO:SNTL,Wager Gulch,CO,37.88248,-107.36428,3386.3
1160,1160:CO:SNTL,Weminuche Creek,CO,37.51968,-107.32139,3270.5
857,857:CO:SNTL,Whiskey Ck,CO,37.21423,-105.12262,3127.2
1042,1042:CO:SNTL,Wild Basin,CO,40.201,-105.6025,2868.2
869,869:CO:SNTL,Willow Creek Pass,CO,40.34734,-106.0952,2901.7
870,870:CO:SNTL,Willow Park,CO,40.43397,-105.73588,3264.4
874,874:CO:SNTL,Wolf Creek Summit,CO,37.47903,-106.80234,3331.5
1033,1033:CO:SNTL,Zirkel,CO,40.79492,-106.59544,2840.7
306,306:ID:SNTL,Atlanta Summit,ID,43.7569,-115.23907,2307.3
312,312:ID:SNTL,Banner Summit,ID,44.30342,-115.23447,2145.8
319,319:ID:SNTL,Bear Basin,ID,44.95222,-116.14293,1630.7
320,320:ID:SNTL,Bear Canyon,ID,43.74367,-113.93797,2414.0
323,323:ID:SNTL,Bear Mountain,ID,48.30583,-116.07444,1664.2
324,324:ID:SNTL,Bear Saddle,ID,44.60533,-116.98097,1880.6
338,338:ID:SNTL,Big Creek Summit,ID,44.62621,-115.79561,1996.4
978,978:ID:SNTL,Bogus Basin,ID,43.76377,-116.09685,1941.6
359,359:ID:SNTL,Bostetter R.S.,ID,42.16442,-114.19272,2295.1
370,370:ID:SNTL,Brundage Reservoir,ID,45.04315,-116.13253,1914.1
382,382:ID:SNTL,Camas Creek Divide,ID,43.26548,-115.3453,1743.5
895,895:ID:SNTL,Chocolate Gulch,ID,43.7685,-114.41812,1923.3
411,411:ID:SNTL,Cool Creek,ID,46.76361,-115.29528,1926.3
1306,1306:ID:SNTL,Couch Summit,ID,43.51762,-114.80214,2066.5
423,423:ID:SNTL,Cozy Cove,ID,44.28846,-115.65508,1649.0
424,424:ID:SNTL,Crab Creek,ID,44.437,-111.99384,2094.0
425,425:ID:SNTL,Crater Meadows,ID,46.56394,-115.28903,1816.6
439,439:ID:SNTL,Deadwood Summit,ID,44.54492,-115.56386,2130.6
450,450:ID:SNTL,Dollarhide Summit,ID,43.6025,-114.67417,2557.3
466,466:ID:SNTL,Elk Butte,ID,46.83998,-116.12233,1731.3
471,471:ID:SNTL,Emigrant Summit,ID,42.36055,-111.56085,2252.5
1305,1305:ID:SNTL,Fish Ck,ID,43.55545,-113.71931,1944.6
484,484:ID:SNTL,Franklin Basin,ID,42.0505,-111.6012,2481.1
489,489:ID:SNTL,Galena,ID,43.87722,-114.6725,2276.9
490,490:ID:SNTL,Galena Summit,ID,43.87497,-114.71363,2679.2
492,492:ID:SNTL,Garfield R.S.,ID,43.6104,-113.9308,2005.6
493,493:ID:SNTL,Giveout,ID,42.4132,-111.1663,2115.3
496,496:ID:SNTL,Graham Guard Sta.,ID,43.9538,-115.27387,1734.3
520,520:ID:SNTL,Hemlock Butte,ID,46.48111,-115.63361,1767.8
988,988:ID:SNTL,Hidden Lake,ID,48.89368,-116.75743,1524.0
524,524:ID:SNTL,Hilts Creek,ID,44.01896,-113.47242,2465.8
534,534:ID:SNTL,Howell Canyon,ID,42.32029,-113.61587,2441.4
535,535:ID:SNTL,Humboldt Gulch,ID,47.53178,-115.77643,1298.4
537,537:ID:SNTL,Hyndman,ID,43.71077,-114.15894,2313.4
546,546:ID:SNTL,Island Park,ID,44.4203,-111.38512,1920.2
550,550:ID:SNTL,Jackson Peak,ID,44.05092,-115.44322,2151.9
588,588:ID:SNTL,Lolo Pass,ID,46.63448,-114.58072,1609.3
1016,1016:ID:SNTL,Long Valley,ID,44.78835,-116.08878,1490.5
594,594:ID:SNTL,Lookout,ID,47.45749,-115.70457,1578.9
600,600:ID:SNTL,Lost Lake,ID,47.0809,-115.9604,1856.2
601,601:ID:SNTL,Lost-Wood Divide,ID,43.82441,-114.26404,2398.8
610,610:ID:SNTL,Magic Mountain,ID,42.18071,-114.28665,2115.3
620,620:ID:SNTL,Meadow Lake,ID,44.43655,-113.31815,2801.1
623,623:ID:SNTL,Mica Creek,ID,47.15045,-116.26643,1365.5
627,627:ID:SNTL,Mill Creek Summit,ID,44.47212,-114.48992,2676.1
636,636:ID:SNTL,Moonshine,ID,44.41478,-113.39814,2283.0
638,638:ID:SNTL,Moose Creek,ID,45.67008,-113.95315,1880.6
637,637:ID:SNTL,Mores Creek Summit,ID,43.932,-115.66588,1856.2
639,639:ID:SNTL,Morgan Creek,ID,44.84237,-114.26871,2322.6
989,989:ID:SNTL,Moscow Mountain,ID,46.805,-116.8535,1432.6
645,645:ID:SNTL,Mosquito Ridge,ID,48.05726,-116.23055,1606.3
650,650:ID:SNTL,Mountain Meadows,ID,45.69694,-115.22972,1932.4
654,654:ID:SNTL,Mud Flat,ID,42.6004,-116.55925,1752.6
1053,1053:ID:SNTL,Myrtle Creek,ID,48.72263,-116.46312,1079.0
677,677:ID:SNTL,Oxford Spring,ID,42.26024,-112.12523,2069.6
1299,1299:ID:SNTL,Pebble Creek,ID,42.7674,-112.10648,1987.3
1142,1142:ID:SNTL,Pierce R.S.,ID,46.49597,-115.7957,938.8
695,695:ID:SNTL,Pine Creek Pass,ID,43.56998,-111.21157,2045.2
704,704:ID:SNTL,Prairie,ID,43.50513,-115.573,1463.0
782,782:ID:SNTL,Puhi Flat,ID,44.77091,-116.24805,1902.0
1081,1081:ID:SNTL,Ragged Mountain,ID,47.85583,-117.03667,1283.2
2029,2029:ID:SNTL,Reynolds Creek,ID,43.28863,-116.8431,1703.8
735,735:ID:SNTL,Savage Pass,ID,46.46633,-114.63333,1880.6
915,915:ID:SNTL,Schwartz Lake,ID,44.84618,-113.83732,2627.4
738,738:ID:SNTL,Schweitzer Basin,ID,48.37428,-116.63917,1856.2
740,740:ID:SNTL,Secesh Summit,ID,45.18848,-115.97152,1990.3
741,741:ID:SNTL,Sedgwick Peak,ID,42.52463,-111.95632,2377.4
747,747:ID:SNTL,Shanghi Summit,ID,46.56603,-115.74216,1399.0
749,749:ID:SNTL,Sheep Mtn.,ID,43.2103,-111.68792,2020.8
752,752:ID:SNTL,Sherwin,ID,46.95028,-116.33972,972.3
761,761:ID:SNTL,Slug Creek Divide,ID,42.56248,-111.29797,2206.8
926,926:ID:SNTL,Smiley Mountain,ID,43.72718,-113.83402,2907.8
769,769:ID:SNTL,Soldier R.S.,ID,43.48407,-114.82692,1761.7
770,770:ID:SNTL,Somsen Ranch,ID,42.95275,-111.35933,2081.8
774,774:ID:SNTL,South Mtn.,ID,42.76476,-116.90029,2026.9
792,792:ID:SNTL,Stickney Mill,ID,43.86117,-114.20902,2267.7
803,803:ID:SNTL,Sunset,ID,47.55545,-115.82422,1697.7
805,805:ID:SNTL,Swede Peak,ID,43.626,-113.96887,2328.7
830,830:ID:SNTL,Trinity Mtn.,ID,43.62903,-115.43818,2374.4
979,979:ID:SNTL,Van Wyck,ID,44.37665,-116.3366,1511.8
845,845:ID:SNTL,Vienna Mine,ID,43.79942,-114.85273,2721.9
855,855:ID:SNTL,West Branch,ID,45.0722,-116.45413,1703.8
860,860:ID:SNTL,White Elephant,ID,44.53267,-111.41085,2337.8
867,867:ID:SNTL,Wildhorse Divide,ID,42.75743,-112.47783,1975.1
871,871:ID:SNTL,Wilson Creek,ID,42.01257,-115.00278,2167.1
916,916:MT:SNTL,Albro Lake,MT,45.59723,-111.95902,2590.8
307,307:MT:SNTL,Badger Pass,MT,48.13091,-113.02311,2094.0
311,311:MT:SNTL,Banfield Mountain,MT,48.5712,-115.44573,1700.8
313,313:MT:SNTL,Barker Lakes,MT,46.09713,-113.13038,2514.6
315,315:MT:SNTL,Basin Creek,MT,45.79737,-112.52047,2170.2
1190,1190:MT:SNTL,Bassoo Peak,MT,47.85562,-114.75841,1563.6
318,318:MT:SNTL,Beagle Springs,MT,44.47147,-112.98191,2706.6
328,328:MT:SNTL,Beaver Creek,MT,44.94966,-111.35852,2383.5
346,346:MT:SNTL,Bisson Creek,MT,47.68386,-113.99895,1487.4
347,347:MT:SNTL,Black Bear,MT,44.50832,-111.12803,2487.2
349,349:MT:SNTL,Black Pine,MT,46.414,-113.43095,2185.4
1144,1144:MT:SNTL,Blacktail Mtn,MT,47.98317,-114.35443,1725.2
355,355:MT:SNTL,Bloody Dick,MT,45.16507,-113.50099,2307.3
360,360:MT:SNTL,Boulder Mountain,MT,46.5596,-111.28973,2404.9
363,363:MT:SNTL,Box Canyon,MT,45.27178,-110.24899,2048.3
365,365:MT:SNTL,Brackett Creek,MT,45.89107,-110.93851,2246.4
981,981:MT:SNTL,Burnt Mtn,MT,45.2401,-109.45961,1804.4
381,381:MT:SNTL,Calvert Creek,MT,45.8838,-113.32553,1953.8
385,385:MT:SNTL,Carrot Basin,MT,44.96192,-111.29403,2804.2
1312,1312:MT:SNTL,Chicago Ridge,MT,48.06224,-115.69748,1737.4
403,403:MT:SNTL,Clover Meadow,MT,45.01788,-111.8456,2673.1
407,407:MT:SNTL,Cole Creek,MT,45.19405,-109.34548,2411.0
410,410:MT:SNTL,Combination,MT,46.46523,-113.39358,1713.0
413,413:MT:SNTL,Copper Bottom,MT,47.05678,-112.595,1585.0
414,414:MT:SNTL,Copper Camp,MT,47.08158,-112.72955,2127.5
427,427:MT:SNTL,Crystal Lake,MT,46.78936,-109.51202,1868.4
919,919:MT:SNTL,Daisy Peak,MT,46.66858,-110.33022,2313.4
433,433:MT:SNTL,Daly Creek,MT,46.18367,-113.8533,1761.7
436,436:MT:SNTL,Darkhorse Lake,MT,45.17368,-113.5846,2721.9
437,437:MT:SNTL,Deadman Creek,MT,46.79279,-110.67545,1962.9
448,448:MT:SNTL,Divide,MT,44.79317,-112.05645,2368.3
458,458:MT:SNTL,Dupuyer Creek,MT,48.06341,-112.7573,1749.6
1105,1105:MT:SNTL,East Boulder Mine,MT,45.50381,-110.08019,1923.3
1316,1316:MT:SNTL,Elk Peak Alt,MT,46.47617,-110.72148,2383.5
469,469:MT:SNTL,Emery Creek,MT,48.43412,-113.93725,1322.8
480,480:MT:SNTL,Fisher Creek,MT,45.06235,-109.94488,2776.7
482,482:MT:SNTL,Flattop Mtn.,MT,48.80225,-113.85713,1914.1
487,487:MT:SNTL,Frohner Meadow,MT,46.43545,-112.19277,1987.3
918,918:MT:SNTL,Garver Creek,MT,48.97523,-115.81915,1295.4
500,500:MT:SNTL,Grave Creek,MT,48.91453,-114.76663,1325.9
510,510:MT:SNTL,Hand Creek,MT,48.30754,-114.84075,1533.1
516,516:MT:SNTL,Hawkins Lake,MT,48.9724,-115.95344,1969.0
530,530:MT:SNTL,Hoodoo Basin,MT,46.97511,-115.03486,1847.1
1287,1287:MT:SNTL,JL Meadow,MT,44.77665,-113.12217,2667.0
562,562:MT:SNTL,Kraft Creek,MT,47.42749,-113.77515,1453.9
568,568:MT:SNTL,Lakeview Ridge,MT,44.58907,-111.82498,2237.2
576,576:MT:SNTL,Lemhi Ridge,MT,44.9938,-113.44399,2462.8
578,578:MT:SNTL,Lick Creek,MT,45.5041,-110.96625,2097.0
590,590:MT:SNTL,Lone Mountain,MT,45.27412,-111.42692,2688.3
603,603:MT:SNTL,Lower Twin,MT,45.50871,-111.92288,2414.0
604,604:MT:SNTL,Lubrecht Flume,MT,46.88293,-113.32228,1429.5
609,609:MT:SNTL,Madison Plateau,MT,44.58623,-111.11627,2350.0
613,613:MT:SNTL,Many Glacier,MT,48.79698,-113.6705,1502.7
1322,1322:MT:SNTL,Mill Creek,MT,45.263,-110.40501,2261.6
635,635:MT:SNTL,Monument Peak,MT,45.21759,-110.237,2664.0
646,646:MT:SNTL,Moss Peak,MT,47.68497,-113.96239,2060.4
649,649:MT:SNTL,Mount Lockhart,MT,47.91727,-112.8238,1959.9
656,656:MT:SNTL,Mule Creek,MT,45.40957,-112.95927,2529.8
657,657:MT:SNTL,N Fk Elk Creek,MT,46.8716,-113.27725,1883.7
903,903:MT:SNTL,Nevada Ridge,MT,46.84234,-112.50787,2142.7
662,662:MT:SNTL,Nez Perce Camp,MT,45.73107,-114.48075,1728.2
664,664:MT:SNTL,Noisy Basin,MT,48.15668,-113.9463,1850.1
667,667:MT:SNTL,North Fork Jocko,MT,47.27258,-113.75631,1862.3
670,670:MT:SNTL,Northeast Entrance,MT,45.00568,-110.01411,2261.6
1008,1008:MT:SNTL,Onion Park,MT,46.91348,-110.8536,2261.6
930,930:MT:SNTL,Peterson Meadows,MT,46.12588,-113.30792,2191.5
690,690:MT:SNTL,Pickfoot Creek,MT,46.57969,-111.26812,2036.1
693,693:MT:SNTL,Pike Creek,MT,48.30305,-113.32868,1807.5
696,696:MT:SNTL,Placer Basin,MT,45.41905,-110.08844,2679.2
932,932:MT:SNTL,Poorman Creek,MT,48.12632,-115.6234,1539.2
700,700:MT:SNTL,Porcupine,MT,46.11192,-110.4696,1975.1
722,722:MT:SNTL,Rocker Peak,MT,46.35613,-112.26176,2426.2
917,917:MT:SNTL,Rocky Boy,MT,48.17478,-109.64728,1441.7
725,725:MT:SNTL,S Fork Shields,MT,46.08963,-110.43367,2465.8
929,929:MT:SNTL,Sacajawea,MT,45.87395,-110.92783,2014.7
727,727:MT:SNTL,Saddle Mtn.,MT,45.69259,-113.96828,2404.9
753,753:MT:SNTL,Short Creek,MT,44.97572,-111.95215,2130.6
754,754:MT:SNTL,Shower Falls,MT,45.40125,-110.95758,2456.7
760,760:MT:SNTL,Skalkaho Summit,MT,46.24212,-113.7725,2212.8
1286,1286:MT:SNTL,Slagamelt Lakes,MT,45.36526,-113.71834,2621.3
783,783:MT:SNTL,Sleeping Woman,MT,47.17902,-114.33371,1865.4
781,781:MT:SNTL,Spur Park,MT,46.77962,-110.62165,2462.8
787,787:MT:SNTL,Stahl Peak,MT,48.90902,-114.86298,1841.0
1009,1009:MT:SNTL,Stringer Creek,MT,46.9269,-110.90198,1996.4
1311,1311:MT:SNTL,Stryker Basin,MT,48.68005,-114.66365,1889.8
901,901:MT:SNTL,Stuart Mountain,MT,46.99521,-113.92667,2215.9
813,813:MT:SNTL,Tepee Creek,MT,44.78562,-111.71,2423.2
893,893:MT:SNTL,Tizer Basin,MT,46.34937,-111.85308,2097.0
835,835:MT:SNTL,Twelvemile Creek,MT,46.14287,-114.44755,1685.5
836,836:MT:SNTL,Twin Lakes,MT,46.1438,-114.5056,1944.6
847,847:MT:SNTL,Waldron,MT,47.91998,-112.79087,1719.1
850,850:MT:SNTL,Warm Springs,MT,46.27368,-113.164,2389.6
924,924:MT:SNTL,West Yellowstone,MT,44.65866,-111.09199,2036.1
858,858:MT:SNTL,Whiskey Creek,MT,44.61088,-111.14998,2069.6
862,862:MT:SNTL,White Mill,MT,45.04575,-109.90987,2660.9
876,876:MT:SNTL,Wood Creek,MT,47.44847,-112.81428,1819.7
316,316:NM:SNTL,Bateman,NM,36.51174,-106.31543,2813.3
394,394:NM:SNTL,Chamita,NM,36.95606,-106.65723,2548.1
921,921:NM:SNTL,Elk Cabin,NM,35.7073,-105.80584,2505.5
486,486:NM:SNTL,Frisco Divide,NM,33.73687,-108.94327,2441.4
491,491:NM:SNTL,Gallegos Peak,NM,36.19418,-105.55742,2883.4
1173,1173:NM:SNTL,Garita Peak,NM,36.00469,-106.54805,3078.5
532,532:NM:SNTL,Hopewell,NM,36.71632,-106.2637,3072.4
595,595:NM:SNTL,Lookout Mountain,NM,33.36089,-107.83203,2590.8
1048,1048:NM:SNTL,Mcknight Cabin,NM,33.00796,-107.86982,2813.3
1138,1138:NM:SNTL,Navajo Whiskey Ck,NM,36.17716,-108.94556,2758.4
665,665:NM:SNTL,North Costilla,NM,36.99396,-105.25988,3221.7
1170,1170:NM:SNTL,Palo,NM,36.40869,-105.33038,2843.8
708,708:NM:SNTL,Quemazon,NM,35.92195,-106.39179,2895.6
715,715:NM:SNTL,Red River Pass #2,NM,36.69935,-105.34145,2999.2
933,933:NM:SNTL,Rice Park,NM,35.23658,-108.27404,2584.7
1254,1254:NM:SNTL,Rio Santa Barbara,NM,36.07196,-105.62949,3243.1
1172,1172:NM:SNTL,San Antonio Sink,NM,36.85967,-106.22657,2779.8
922,922:NM:SNTL,Santa Fe,NM,35.77154,-105.78487,3499.1
744,744:NM:SNTL,Senorita Divide #2,NM,36.00152,-106.83408,2609.1
1169,1169:NM:SNTL,Shuree,NM,36.78765,-105.2392,3069.3
1034,1034:NM:SNTL,Sierra Blanca,NM,33.40682,-105.79467,3124.2
755,755:NM:SNTL,Signal Peak,NM,32.92342,-108.14546,2557.3
757,757:NM:SNTL,Silver Creek Divide,NM,33.3696,-108.70711,2767.6
1168,1168:NM:SNTL,Taos Powderhorn,NM,36.58195,-105.45617,3358.9
1307,1307:NM:SNTL,Taos Pueblo,NM,36.54099,-105.35944,3349.8
934,934:NM:SNTL,Tolby,NM,36.47498,-105.19534,3112.0
1083,1083:NM:SNTL,Tres Ritos,NM,36.1279,-105.52706,2664.0
1017,1017:NM:SNTL,Vacas Locas,NM,36.02653,-106.81361,2849.9
854,854:NM:SNTL,Wesner Springs,NM,35.77584,-105.54337,3386.3
321,321:NV:SNTL,Bear Creek,NV,41.83391,-115.45278,2465.8
334,334:NV:SNTL,Berry Creek,NV,39.31917,-114.62278,2849.9
336,336:NV:SNTL,Big Bend,NV,41.76168,-115.6931,2100.1
337,337:NV:SNTL,Big Creek Sum,NV,39.29148,-117.11506,2654.8
340,340:NV:SNTL,Big Meadow,NV,39.455,-119.9422,2511.6
1155,1155:NV:SNTL,Bird Creek,NV,39.46138,-114.64863,2295.1
1111,1111:NV:SNTL,Bristlecone Trail,NV,36.31575,-115.69543,2712.7
373,373:NV:SNTL,Buckskin Lower,NV,41.75067,-117.53182,2109.2
1152,1152:NV:SNTL,Cave Mountain,NV,39.16337,-114.6133,3224.8
1204,1204:NV:SNTL,Columbia Basin,NV,41.67167,-116.07033,1978.2
1209,1209:NV:SNTL,Corduroy Flat,NV,38.99651,-115.42478,2633.5
417,417:NV:SNTL,Corral Canyon,NV,40.27551,-115.54017,2572.5
1210,1210:NV:SNTL,Defiance Mines,NV,39.08527,-114.89977,2837.7
443,443:NV:SNTL,Diamond Peak,NV,39.56361,-115.84421,2447.5
445,445:NV:SNTL,Disaster Peak,NV,41.96737,-118.18934,1908.0
453,453:NV:SNTL,Dorsey Basin,NV,40.89343,-115.21104,2407.9
454,454:NV:SNTL,Draw Creek,NV,41.661,-115.3234,2225.0
1243,1243:NV:SNTL,Dry Creek,NV,40.8638,-115.22014,1996.4
476,476:NV:SNTL,Fawn Creek,NV,41.82098,-116.10153,2145.8
1262,1262:NV:SNTL,Fry Canyon,NV,41.58008,-115.9364,2069.6
1195,1195:NV:SNTL,Golconda,NV,40.88358,-117.58812,2023.9
498,498:NV:SNTL,Granite Peak,NV,41.67032,-117.56668,2590.8
503,503:NV:SNTL,Green Mountain,NV,40.3848,-115.52757,2493.3
527,527:NV:SNTL,Hole-in-Mountain,NV,40.94168,-115.0954,2490.2
548,548:NV:SNTL,Jack Creek Upper,NV,41.54675,-116.00517,2249.4
549,549:NV:SNTL,Jacks Peak,NV,41.5136,-116.0117,2572.5
1211,1211:NV:SNTL,Jakes Creek,NV,41.5687,-115.03243,2249.4
1150,1150:NV:SNTL,Kalamazoo,NV,39.5579,-114.62762,2359.2
569,569:NV:SNTL,Lamance Creek,NV,41.51542,-117.63197,1947.7
570,570:NV:SNTL,Lamoille #3,NV,40.6448,-115.3812,2450.6
1310,1310:NV:SNTL,Lamoille Upper,NV,40.59965,-115.37902,2740.2
573,573:NV:SNTL,Laurel Draw,NV,41.77637,-116.02957,2036.1
1112,1112:NV:SNTL,Lee Canyon,NV,36.30537,-115.67508,2627.4
1006,1006:NV:SNTL,Lewis Peak,NV,40.3572,-116.8647,2246.4
1242,1242:NV:SNTL,Little Valley,NV,39.25259,-119.8771,1981.2
615,615:NV:SNTL,Marlette Lake,NV,39.16395,-119.89672,2395.7
1207,1207:NV:SNTL,Merritt Mountain,NV,41.8927,-115.858,2109.2
1206,1206:NV:SNTL,Midas,NV,41.26873,-116.80332,2020.8
652,652:NV:SNTL,Mt Rose Ski Area,NV,39.31573,-119.89473,2685.3
1272,1272:NV:SNTL,ONeil Creek,NV,41.86411,-115.08251,1978.2
1244,1244:NV:SNTL,Pole Canyon,NV,40.86293,-115.12067,2365.2
698,698:NV:SNTL,Pole Creek R.S.,NV,41.87255,-115.24713,2551.2
2170,2170:NV:SNTL,Porter Canyon,NV,39.46544,-117.62069,2191.5
1110,1110:NV:SNTL,Rainbow Canyon,NV,36.2493,-115.62972,2389.6
746,746:NV:SNTL,Seventysix Creek,NV,41.73732,-115.47215,2243.3
750,750:NV:SNTL,Sheldon,NV,41.90435,-119.44464,1786.1
1205,1205:NV:SNTL,Silver Creek Nv,NV,39.23305,-114.2429,2505.5
1208,1208:NV:SNTL,Snowstorm Mtn,NV,41.33981,-116.98044,2258.6
1203,1203:NV:SNTL,Stag Mountain,NV,41.408,-115.4464,2328.7
1194,1194:NV:SNTL,Summit Lk,NV,41.48953,-118.99663,2316.5
811,811:NV:SNTL,Taylor Canyon,NV,41.2287,-116.0293,1926.3
1202,1202:NV:SNTL,Tent Mtn Lower,NV,40.97852,-115.17215,2164.1
1136,1136:NV:SNTL,Toe Jam,NV,41.3187,-116.3408,2347.0
1137,1137:NV:SNTL,Vacarro Springs,NV,39.4495,-115.9834,2404.9
849,849:NV:SNTL,Ward Mountain,NV,39.13242,-114.95575,2795.0
1147,1147:NV:SNTL,Wheeler Peak,NV,39.00995,-114.31021,3069.3
1213,1213:NV:SNTL,White River Nv,NV,38.94557,-115.37922,2246.4
302,302:OR:SNTL,Aneroid Lake #2,OR,45.21332,-117.19255,2264.7
1000,1000:OR:SNTL,Annie Springs,OR,42.87007,-122.16518,1834.9
304,304:OR:SNTL,Arbuckle Mtn,OR,45.19085,-119.25392,1758.7
1166,1166:OR:SNTL,Bear Grass,OR,44.3253,-122.0938,1438.7
331,331:OR:SNTL,Beaver Reservoir,OR,45.14532,-118.219,1566.7
341,341:OR:SNTL,Big Red Mountain,OR,42.05257,-122.85487,1847.1
343,343:OR:SNTL,Bigelow Camp,OR,42.07875,-123.34393,1563.6
344,344:OR:SNTL,Billie Creek Divide,OR,42.40717,-122.26617,1609.3
351,351:OR:SNTL,Blazed Alder,OR,45.4287,-121.85605,1115.6
357,357:OR:SNTL,Blue Mountain Spring,OR,44.24767,-118.51722,1792.2
361,361:OR:SNTL,Bourne,OR,44.83052,-118.18787,1783.1
362,362:OR:SNTL,Bowman Springs,OR,45.36428,-118.46715,1386.8
388,388:OR:SNTL,Cascade Summit,OR,43.59042,-122.0601,1554.5
395,395:OR:SNTL,Chemult Alternate,OR,43.22625,-121.80662,1478.3
398,398:OR:SNTL,Clackamas Lake,OR,45.09658,-121.75443,1036.3
401,401:OR:SNTL,Clear Lake,OR,45.18832,-121.6916,1161.3
406,406:OR:SNTL,Cold Springs Camp,OR,42.53305,-122.17683,1810.5
422,422:OR:SNTL,County Line,OR,45.19107,-118.55015,1475.2
1010,1010:OR:SNTL,Crazyman Flat,OR,42.6381,-120.94917,1886.7
434,434:OR:SNTL,Daly Lake,OR,44.52147,-122.08718,1124.7
440,440:OR:SNTL,Derr.,OR,44.4465,-119.93012,1783.1
442,442:OR:SNTL,Diamond Lake,OR,43.18787,-122.14003,1609.3
464,464:OR:SNTL,Eilertson Meadows,OR,44.86887,-118.11387,1679.4
470,470:OR:SNTL,Emigrant Springs,OR,45.55808,-118.45385,1155.2
1314,1314:OR:SNTL,Fifteenmile,OR,45.35265,-121.53,1819.7
477,477:OR:SNTL,Fish Creek,OR,42.70993,-118.63219,2347.0
479,479:OR:SNTL,Fish Lk.,OR,42.3801,-122.34943,1420.4
483,483:OR:SNTL,Fourmile Lake,OR,42.43933,-122.2288,1819.7
945,945:OR:SNTL,Gerber Reservoir,OR,42.2062,-121.1334,1487.4
494,494:OR:SNTL,Gold Center,OR,44.7638,-118.3117,1645.9
504,504:OR:SNTL,Greenpoint,OR,45.62237,-121.70415,1011.9
523,523:OR:SNTL,High Ridge,OR,45.69682,-118.10657,1493.5
526,526:OR:SNTL,Hogg Pass,OR,44.42042,-121.85655,1463.0
529,529:OR:SNTL,Holland Meadows,OR,43.66917,-122.56877,1502.7
1158,1158:OR:SNTL,Howard Prairie,OR,42.215,-122.3713,1396.0
545,545:OR:SNTL,Irish Taylor,OR,43.80368,-121.94793,1688.6
552,552:OR:SNTL,Jump Off Joe,OR,44.38605,-122.16683,1075.9
558,558:OR:SNTL,King Mountain,OR,42.72395,-123.20037,1322.8
563,563:OR:SNTL,Lake Creek R.S.,OR,44.21007,-118.63752,1600.2
584,584:OR:SNTL,Little Meadows,OR,44.61297,-122.22565,1225.3
605,605:OR:SNTL,Lucky Strike,OR,45.27478,-118.8479,1514.9
608,608:OR:SNTL,Madison Butte,OR,45.10513,-119.49585,1569.7
614,614:OR:SNTL,Marion Forks,OR,44.59397,-121.97365,789.4
619,619:OR:SNTL,Mckenzie,OR,44.2103,-121.87292,1453.9
1079,1079:OR:SNTL,Milk Shakes,OR,45.9821,-117.94883,1700.8
1084,1084:OR:SNTL,Miller Woods,OR,45.24755,-123.27563,128.0
647,647:OR:SNTL,Moss Springs,OR,45.27173,-117.68747,1755.6
651,651:OR:SNTL,Mt Hood Test Site,OR,45.32097,-121.7158,1639.8
653,653:OR:SNTL,Mt. Howard,OR,45.26514,-117.17377,2389.6
655,655:OR:SNTL,Mud Ridge,OR,45.25362,-121.73673,1240.5
660,660:OR:SNTL,New Crescent Lake,OR,43.51185,-121.97982,1496.6
666,666:OR:SNTL,North Fork,OR,45.5505,-122.00283,935.7
671,671:OR:SNTL,Ochoco Meadows,OR,44.42917,-120.3311,1655.1
687,687:OR:SNTL,Peavine Ridge,OR,45.04148,-121.93252,1042.4
706,706:OR:SNTL,Quartz Mountain,OR,42.31923,-120.82533,1740.4
710,710:OR:SNTL,Railroad Overpass,OR,43.65887,-122.21272,816.9
712,712:OR:SNTL,Red Hill,OR,45.4643,-121.70428,1344.2
719,719:OR:SNTL,Roaring River,OR,43.90098,-122.03063,1511.8
721,721:OR:SNTL,Rock Springs,OR,44.00883,-118.83842,1612.4
726,726:OR:SNTL,Saddle Mountain,OR,45.54475,-123.37331,941.8
729,729:OR:SNTL,Salt Creek Falls,OR,43.61193,-122.11758,1286.3
733,733:OR:SNTL,Santiam Jct.,OR,44.43503,-121.94502,1140.0
736,736:OR:SNTL,Schneider Meadows,OR,45.00107,-117.16522,1645.9
743,743:OR:SNTL,Seine Creek,OR,45.52688,-123.29857,630.9
745,745:OR:SNTL,Sevenmile Marsh,OR,42.69825,-122.14165,1734.3
756,756:OR:SNTL,Silver Creek,OR,42.95615,-121.18123,1752.6
759,759:OR:SNTL,Silvies,OR,42.75333,-118.68785,2133.6
1167,1167:OR:SNTL,Smith Ridge,OR,44.30325,-122.04053,996.7
767,767:OR:SNTL,Snow Mountain,OR,43.94885,-119.54013,1898.9
925,925:OR:SNTL,South Fork Bull Run,OR,45.44575,-122.03125,819.9
789,789:OR:SNTL,Starr Ridge,OR,44.26423,-119.02162,1597.2
794,794:OR:SNTL,Strawberry,OR,42.12587,-120.8361,1755.6
800,800:OR:SNTL,Summer Rim,OR,42.6957,-120.80158,2158.0
801,801:OR:SNTL,Summit Lake,OR,43.44907,-122.13808,1709.9
1078,1078:OR:SNTL,Sun Pass,OR,42.78637,-121.97715,1645.9
1077,1077:OR:SNTL,Swan Lake Mtn,OR,42.41323,-121.68002,2081.8
810,810:OR:SNTL,Taylor Butte,OR,42.69108,-121.42592,1533.1
812,812:OR:SNTL,Taylor Green,OR,45.07707,-117.55067,1746.5
815,815:OR:SNTL,Three Creeks Meadow,OR,44.14425,-121.64095,1731.3
821,821:OR:SNTL,Tipton,OR,44.65567,-118.42617,1569.7
1044,1044:OR:SNTL,Toketee Airstrip,OR,43.22718,-122.42537,987.6
873,873:OR:SNTL,Wolf Creek,OR,45.06704,-118.15185,1746.5
354,354:SD:SNTL,Blind Park,SD,44.10772,-103.97688,2103.1
920,920:SD:SNTL,North Rapid Creek,SD,44.20617,-103.78758,1874.5
907,907:UT:SNTL,Agua Canyon,UT,37.52217,-112.27118,2709.7
1308,1308:UT:SNTL,Atwater,UT,40.59124,-111.63775,2667.0
992,992:UT:SNTL,Bear River RS,UT,40.8852,-110.8277,2593.8
329,329:UT:SNTL,Beaver Dams,UT,39.13683,-111.55813,2432.3
330,330:UT:SNTL,Beaver Divide,UT,40.61233,-111.09782,2508.5
332,332:UT:SNTL,Ben Lomond Peak,UT,41.37603,-111.94405,2343.9
333,333:UT:SNTL,Ben Lomond Trail,UT,41.38291,-111.92103,1819.7
1214,1214:UT:SNTL,Bevans Cabin,UT,40.46182,-112.25233,1972.1
339,339:UT:SNTL,Big Flat,UT,38.30183,-112.35672,3145.5
348,348:UT:SNTL,Black Flat-U.M. Ck,UT,38.6799,-111.59765,2871.2
1162,1162:UT:SNTL,Blacks Fork Jct,UT,40.95814,-110.5828,2706.6
1278,1278:UT:SNTL,Bobs Hollow,UT,38.94569,-112.15349,2840.7
364,364:UT:SNTL,Box Creek,UT,38.50809,-112.01856,3002.3
1156,1156:UT:SNTL,Box Springs,UT,38.49746,-112.00779,2813.3
1154,1154:UT:SNTL,Brian Head,UT,37.67994,-112.85674,3060.2
366,366:UT:SNTL,Brighton,UT,40.59936,-111.58167,2679.2
368,368:UT:SNTL,Brown Duck,UT,40.58102,-110.58587,3221.7
371,371:UT:SNTL,Buck Flat,UT,39.134,-111.43722,2868.2
1192,1192:UT:SNTL,Buck Pasture,UT,40.84456,-110.66068,2935.2
1153,1153:UT:SNTL,Buckboard Flat,UT,37.86943,-109.44717,2718.8
374,374:UT:SNTL,Bug Lake,UT,41.68541,-111.41987,2432.3
1135,1135:UT:SNTL,Burts Miller Ranch,UT,40.98492,-110.85075,2407.9
383,383:UT:SNTL,Camp Jackson,UT,37.81333,-109.48723,2694.4
1039,1039:UT:SNTL,Cascade Mountain,UT,40.283,-111.60992,2362.2
390,390:UT:SNTL,Castle Valley,UT,37.66098,-112.74093,2926.1
392,392:UT:SNTL,Chalk Creek #1,UT,40.85464,-111.04765,2792.0
393,393:UT:SNTL,Chalk Creek #2,UT,40.88529,-111.06954,2499.4
396,396:UT:SNTL,Chepeta,UT,40.77458,-110.0105,3197.4
1348,1348:UT:SNTL,Clarkston Mountain,UT,41.99513,-112.16119,2039.1
983,983:UT:SNTL,Clayton Springs,UT,37.9725,-111.83355,3051.0
399,399:UT:SNTL,Clear Creek #1,UT,39.86671,-111.28363,2731.0
400,400:UT:SNTL,Clear Creek #2,UT,39.89275,-111.25154,2392.7
1236,1236:UT:SNTL,Corral,UT,39.65795,-110.37906,2502.4
432,432:UT:SNTL,Currant Creek,UT,40.35747,-111.08993,2414.0
435,435:UT:SNTL,Daniels-Strawberry,UT,40.2953,-111.25677,2441.4
444,444:UT:SNTL,Dills Camp,UT,39.04554,-111.46875,2816.4
452,452:UT:SNTL,Donkey Reservoir,UT,38.2084,-111.47412,2987.0
455,455:UT:SNTL,Dry Bread Pond,UT,41.41289,-111.5377,2526.8
906,906:UT:SNTL,Dry Fork,UT,40.56533,-112.17343,2188.5
1163,1163:UT:SNTL,EF Blacks Fork GS,UT,40.88472,-110.54056,2852.9
461,461:UT:SNTL,East Willow Creek,UT,39.31213,-109.53179,2529.8
1323,1323:UT:SNTL,Elk Ridge,UT,37.82308,-109.77156,2603.0
474,474:UT:SNTL,Farmington,UT,40.97462,-111.80975,2414.0
1054,1054:UT:SNTL,Farmington Lower,UT,40.992,-111.81702,2087.9
475,475:UT:SNTL,Farnsworth Lake,UT,38.77246,-111.67662,2932.2
1149,1149:UT:SNTL,Fish Lake Utah,UT,38.50455,-111.76693,2676.1
481,481:UT:SNTL,Five Points Lake,UT,40.71785,-110.46721,3328.4
1221,1221:UT:SNTL,GBRC HQ,UT,39.32019,-111.48827,2682.2
1222,1222:UT:SNTL,GBRC Meadows,UT,39.30229,-111.45383,3002.3
1114,1114:UT:SNTL,Garden City Summit,UT,41.9215,-111.4693,2340.9
1066,1066:UT:SNTL,Gardner Peak,UT,37.40083,-113.45988,2535.9
1151,1151:UT:SNTL,George Creek,UT,41.91562,-113.41154,2731.0
1304,1304:UT:SNTL,Gold Basin,UT,38.46516,-109.26332,3069.3
495,495:UT:SNTL,Gooseberry RS,UT,38.80034,-111.68333,2417.1
1184,1184:UT:SNTL,Gooseberry RS Up,UT,38.7882,-111.68892,2560.3
1065,1065:UT:SNTL,Gutz Peak,UT,37.49617,-113.94235,2069.6
896,896:UT:SNTL,Hardscrabble,UT,40.86833,-111.71865,2215.9
514,514:UT:SNTL,Harris Flat,UT,37.48997,-112.57602,2377.4
517,517:UT:SNTL,Hayden Fork,UT,40.79669,-110.88472,2795.0
521,521:UT:SNTL,Hewinta,UT,40.95009,-110.48419,2898.6
522,522:UT:SNTL,Hickerson Park,UT,40.90663,-109.96287,2779.8
1223,1223:UT:SNTL,Hobble Creek,UT,40.18538,-111.35971,2243.3
528,528:UT:SNTL,Hole-in-Rock,UT,40.92167,-110.18623,2795.0
533,533:UT:SNTL,Horse Ridge,UT,41.31372,-111.44624,2502.4
1216,1216:UT:SNTL,Huntington Horse,UT,39.61774,-111.30576,2941.3
1099,1099:UT:SNTL,Jones Corral,UT,38.07125,-112.16788,2959.6
1145,1145:UT:SNTL,Kilfoil Creek,UT,41.24764,-111.41249,2203.7
557,557:UT:SNTL,Kimberly Mine,UT,38.48383,-112.39273,2776.7
559,559:UT:SNTL,Kings Cabin,UT,40.71632,-109.54401,2664.0
1115,1115:UT:SNTL,Klondike Narrows,UT,41.96769,-111.59713,2218.9
561,561:UT:SNTL,Kolob,UT,37.52664,-113.05386,2819.4
566,566:UT:SNTL,Lakefork #1,UT,40.59709,-110.43316,3084.6
1116,1116:UT:SNTL,Lakefork #3,UT,40.5502,-110.3529,2569.5
513,513:UT:SNTL,Lakefork Basin,UT,40.73785,-110.62121,3319.3
572,572:UT:SNTL,Lasal Mountain,UT,38.48226,-109.27198,2920.0
1215,1215:UT:SNTL,Lasal Mountain-Lower,UT,38.48167,-109.29164,2676.1
1056,1056:UT:SNTL,Lightning Ridge,UT,41.35891,-111.48749,2499.4
579,579:UT:SNTL,Lily Lake,UT,40.86493,-110.79813,2782.8
582,582:UT:SNTL,Little Bear,UT,41.40562,-111.82607,1993.4
583,583:UT:SNTL,Little Grassy,UT,37.48631,-113.84582,1850.1
1261,1261:UT:SNTL,Lonesome Beaver,UT,38.07,-110.77241,2904.7
592,592:UT:SNTL,Long Flat,UT,37.51255,-113.39661,2435.4
593,593:UT:SNTL,Long Valley Jct,UT,37.48756,-112.51458,2273.8
596,596:UT:SNTL,Lookout Peak,UT,40.83731,-111.70965,2484.1
1118,1118:UT:SNTL,Lost Creek Resv,UT,41.22155,-111.35947,1850.1
972,972:UT:SNTL,Louis Meadow,UT,40.83033,-111.76457,2054.4
612,612:UT:SNTL,Mammoth-Cottonwood,UT,39.68338,-111.31818,2654.8
621,621:UT:SNTL,Merchant Valley,UT,38.30285,-112.43637,2654.8
626,626:UT:SNTL,Midway Valley,UT,37.56933,-112.83849,2996.2
1321,1321:UT:SNTL,Mill Creek Canyon,UT,40.69656,-111.67712,2121.4
628,628:UT:SNTL,Mill-D North,UT,40.65883,-111.63683,2724.9
631,631:UT:SNTL,Mining Fork,UT,40.49384,-112.61141,2526.8
634,634:UT:SNTL,Monte Cristo,UT,41.46547,-111.49688,2721.9
643,643:UT:SNTL,Mosby Mtn.,UT,40.60798,-109.8881,2910.8
1224,1224:UT:SNTL,Mt Baldy,UT,39.13648,-111.50527,2901.7
1269,1269:UT:SNTL,Mt Pennell,UT,37.97793,-110.7933,2807.2
1146,1146:UT:SNTL,Oak Creek,UT,39.3485,-112.192,2389.6
1148,1148:UT:SNTL,Panguitch Lake RS,UT,37.70463,-112.65037,2529.8
684,684:UT:SNTL,Parleys Summit,UT,40.76184,-111.62917,2313.4
856,856:UT:SNTL,Parleys Upper,UT,40.70194,-111.60619,2539.0
971,971:UT:SNTL,Parrish Creek,UT,40.93417,-111.81372,2365.2
686,686:UT:SNTL,Payson R.S.,UT,39.92976,-111.63109,2453.6
691,691:UT:SNTL,Pickle Keg,UT,39.01219,-111.58259,2746.2
694,694:UT:SNTL,Pine Creek,UT,38.88185,-112.24915,2660.9
1300,1300:UT:SNTL,Powder Mountain,UT,41.37428,-111.76673,2587.8
714,714:UT:SNTL,Red Pine Ridge,UT,39.45197,-111.27221,2740.2
1225,1225:UT:SNTL,Redden Mine Lwr,UT,40.67505,-111.21765,2603.0
1217,1217:UT:SNTL,Rees Flat,UT,39.49667,-111.72508,2191.5
720,720:UT:SNTL,Rock Creek,UT,40.54875,-110.69292,2401.8
1309,1309:UT:SNTL,Rockwood GS,UT,38.67101,-112.3305,2621.3
723,723:UT:SNTL,Rocky Basin-Settleme,UT,40.44293,-112.22377,2651.8
1280,1280:UT:SNTL,Santaquin Meadows,UT,39.92076,-111.71802,2386.6
742,742:UT:SNTL,Seeley Creek,UT,39.31042,-111.43297,3017.5
763,763:UT:SNTL,Smith  Morehouse,UT,40.78931,-111.09192,2328.7
766,766:UT:SNTL,Snowbird,UT,40.56914,-111.65852,2795.0
1117,1117:UT:SNTL,Spirit Lk,UT,40.83868,-110.00527,3121.2
790,790:UT:SNTL,Steel Creek Park,UT,40.90862,-110.50462,3090.7
795,795:UT:SNTL,Strawberry Divide,UT,40.16483,-111.20665,2468.9
1249,1249:UT:SNTL,Sunflower Flat,UT,38.048,-111.33981,3051.0
1248,1248:UT:SNTL,Suu Ranch,UT,37.59711,-112.92949,2453.6
1247,1247:UT:SNTL,Takka Wiiya,UT,39.74104,-113.98262,2776.7
1013,1013:UT:SNTL,Temple Fork,UT,41.793,-111.54605,2261.6
814,814:UT:SNTL,Thaynes Canyon,UT,40.6235,-111.53322,2822.4
1226,1226:UT:SNTL,Thistle Flat,UT,39.23803,-111.51998,2679.2
1097,1097:UT:SNTL,Timberline,UT,39.67712,-110.43395,2657.9
820,820:UT:SNTL,Timpanogos Divide,UT,40.42817,-111.61633,2493.3
823,823:UT:SNTL,Tony Grove Lake,UT,41.89833,-111.62957,2575.6
1113,1113:UT:SNTL,Tony Grove RS,UT,41.88573,-111.56918,1926.3
828,828:UT:SNTL,Trial Lake,UT,40.678,-110.94873,3038.9
833,833:UT:SNTL,Trout Creek,UT,40.739,-109.6728,2877.3
1227,1227:UT:SNTL,Upper Joes Valley,UT,39.4155,-111.2491,2621.3
1098,1098:UT:SNTL,Usu Doc Daniel,UT,41.86425,-111.50603,2624.3
844,844:UT:SNTL,Vernon Creek,UT,39.93667,-112.41478,2228.1
853,853:UT:SNTL,Webster Flat,UT,37.575,-112.90155,2788.9
864,864:UT:SNTL,White River #1,UT,39.9645,-110.98845,2627.4
865,865:UT:SNTL,Widtsoe #3,UT,37.83633,-111.88163,2938.3
543,543:UT:SNTL,Wilbur Bench,UT,39.89166,-110.74604,2795.0
1164,1164:UT:SNTL,Wolf Creek Peak,UT,40.47733,-111.04469,2977.9
1228,1228:UT:SNTL,Wrigley Creek,UT,39.13233,-111.35685,2843.8
1197,1197:UT:SNTL,Yankee Reservoir,UT,37.74797,-112.77495,2645.7
908,908:WA:SNTL,Alpine Meadows,WA,47.77957,-121.69847,1066.8
990,990:WA:SNTL,Beaver Pass,WA,48.8793,-121.2555,1106.4
352,352:WA:SNTL,Blewett Pass,WA,47.35037,-120.6796,1292.4
1080,1080:WA:SNTL,Brown Top,WA,48.92753,-121.19717,1783.1
1107,1107:WA:SNTL,Buckinghorse,WA,47.7086,-123.45747,1478.3
375,375:WA:SNTL,Bumping Ridge,WA,46.81003,-121.33058,1402.1
376,376:WA:SNTL,Bunchgrass Mdw,WA,48.68688,-117.17633,1530.1
942,942:WA:SNTL,Burnt Mountain,WA,47.0444,-121.94032,1268.0
1109,1109:WA:SNTL,Calamity,WA,45.90362,-122.21633,765.0
1085,1085:WA:SNTL,Cayuse Pass,WA,46.86956,-121.53434,1603.2
418,418:WA:SNTL,Corral Pass,WA,47.01872,-121.46464,1770.9
420,420:WA:SNTL,Cougar Mountain,WA,47.27666,-121.67138,978.4
1319,1319:WA:SNTL,Decline Creek,WA,48.23594,-121.455,1365.5
1345,1345:WA:SNTL,Deer Pass,WA,48.3325,-121.72133,1024.1
943,943:WA:SNTL,Dungeness,WA,47.8722,-123.07879,1216.2
998,998:WA:SNTL,Easy Pass,WA,48.85933,-121.43895,1609.3
910,910:WA:SNTL,Elbow Lake,WA,48.69092,-121.90893,929.6
478,478:WA:SNTL,Fish Lake,WA,47.53565,-121.08553,1048.5
1159,1159:WA:SNTL,Gold Axe Camp,WA,48.9516,-118.9864,1639.8
1256,1256:WA:SNTL,Gold Mountain,WA,48.19253,-118.45715,1371.6
502,502:WA:SNTL,Green Lake,WA,46.54741,-121.17093,1804.4
507,507:WA:SNTL,Grouse Camp,WA,47.28107,-120.48771,1642.9
515,515:WA:SNTL,Harts Pass,WA,48.72047,-120.6586,1978.2
991,991:WA:SNTL,Hozomeen Camp,WA,48.98075,-121.07976,512.1
928,928:WA:SNTL,Huckleberry Creek,WA,47.06565,-121.58778,685.8
1129,1129:WA:SNTL,Indian Rock,WA,45.99077,-120.80768,1621.5
553,553:WA:SNTL,June Lake,WA,46.14778,-122.15413,1048.5
591,591:WA:SNTL,Lone Pine,WA,46.27143,-121.96288,1200.9
599,599:WA:SNTL,Lost Horse,WA,46.35754,-121.0809,1554.5
606,606:WA:SNTL,Lyman Lake,WA,48.19798,-120.91678,1825.8
1069,1069:WA:SNTL,Lynn Lake,WA,47.20172,-121.77972,1188.7
1011,1011:WA:SNTL,MF Nooksack,WA,48.82441,-121.92947,1505.7
999,999:WA:SNTL,Marten Ridge,WA,48.76292,-121.69823,1072.9
897,897:WA:SNTL,Meadows Pass,WA,47.28312,-121.47197,984.5
642,642:WA:SNTL,Morse Lake,WA,46.90585,-121.4827,1645.9
644,644:WA:SNTL,Moses Mtn,WA,48.36166,-119.08158,1667.3
648,648:WA:SNTL,Mount Crag,WA,47.7637,-123.026,1207.0
898,898:WA:SNTL,Mount Gardner,WA,47.35768,-121.56812,893.1
941,941:WA:SNTL,Mowich,WA,46.92833,-121.95232,966.2
1126,1126:WA:SNTL,Mt. Tebo,WA,47.46061,-123.41219,1030.2
1259,1259:WA:SNTL,Muckamuck,WA,48.58526,-119.86624,1362.5
672,672:WA:SNTL,Olallie Meadows,WA,47.37406,-121.44213,1222.2
679,679:WA:SNTL,Paradise,WA,46.78266,-121.74767,1569.7
681,681:WA:SNTL,Park Creek Ridge,WA,48.44488,-120.91551,1405.1
1104,1104:WA:SNTL,Pepper Creek,WA,46.10242,-121.95555,652.3
692,692:WA:SNTL,Pigtail Peak,WA,46.62153,-121.38643,1767.8
1263,1263:WA:SNTL,Pinto Rock,WA,46.32318,-121.94219,1356.4
699,699:WA:SNTL,Pope Ridge,WA,47.9909,-120.56622,1094.2
702,702:WA:SNTL,Potato Hill,WA,46.3497,-121.51415,1365.5
707,707:WA:SNTL,Quartz Peak,WA,47.87927,-117.08938,1435.6
711,711:WA:SNTL,Rainy Pass,WA,48.51865,-120.7358,1487.4
911,911:WA:SNTL,Rex River,WA,47.30218,-121.60475,1161.3
728,728:WA:SNTL,Salmon Meadows,WA,48.65518,-119.8383,1359.4
734,734:WA:SNTL,Sasse Ridge,WA,47.38485,-121.06323,1322.8
1231,1231:WA:SNTL,Satus Pass,WA,45.98797,-120.67734,1207.0
1068,1068:WA:SNTL,Sawmill Ridge,WA,47.15992,-121.42172,1414.3
1043,1043:WA:SNTL,Sentinel Butte,WA,48.86133,-118.39843,1426.5
748,748:WA:SNTL,Sheep Canyon,WA,46.19325,-122.25393,1216.2
1257,1257:WA:SNTL,Skate Creek,WA,46.64336,-121.83044,1149.1
912,912:WA:SNTL,Skookum Creek,WA,47.68433,-121.61007,1011.9
985,985:WA:SNTL,Sourdough Gulch,WA,46.23713,-117.39435,1207.0
776,776:WA:SNTL,Spencer Meadow,WA,46.1795,-121.92661,1036.3
777,777:WA:SNTL,Spirit Lake,WA,46.26113,-122.1772,1072.9
984,984:WA:SNTL,Spruce Springs,WA,46.18287,-117.54155,1734.3
788,788:WA:SNTL,Stampede Pass,WA,47.27427,-121.34162,1173.5
791,791:WA:SNTL,Stevens Pass,WA,47.74607,-121.09288,1200.9
804,804:WA:SNTL,Surprise Lakes,WA,46.09497,-121.76345,1304.5
975,975:WA:SNTL,Swamp Creek,WA,48.57142,-120.78267,1197.9
1012,1012:WA:SNTL,Swift Creek,WA,46.1638,-122.18402,1353.3
817,817:WA:SNTL,Thunder Basin,WA,48.52753,-120.9895,1313.7
899,899:WA:SNTL,Tinkham Creek,WA,47.33198,-121.46975,914.4
824,824:WA:SNTL,Touchet,WA,46.11868,-117.8505,1682.5
1171,1171:WA:SNTL,Trinity,WA,48.07471,-120.84989,880.9
832,832:WA:SNTL,Trough,WA,47.23328,-120.29412,1670.3
841,841:WA:SNTL,Upper Wheeler,WA,47.28734,-120.37015,1319.8
974,974:WA:SNTL,Waterhole,WA,47.94485,-123.42594,1527.0
909,909:WA:SNTL,Wells Creek,WA,48.8661,-121.78976,1231.4
863,863:WA:SNTL,White Pass E.S.,WA,46.64142,-121.38153,1353.3
309,309:WY:SNTL,Bald Mtn.,WY,44.80061,-107.84428,2852.9
314,314:WY:SNTL,Base Camp,WY,43.94019,-110.44544,2145.8
317,317:WY:SNTL,Battle Mountain,WY,41.05402,-107.26674,2273.8
325,325:WY:SNTL,Bear Trap Meadow,WY,43.88743,-107.06135,2499.4
326,326:WY:SNTL,Beartooth Lake,WY,44.94307,-109.56743,2852.9
931,931:WY:SNTL,Big Goose,WY,44.57922,-107.20068,2441.4
342,342:WY:SNTL,Big Sandy Opening,WY,42.6458,-109.25965,2773.7
1119,1119:WY:SNTL,Blackhall Mtn,WY,41.05623,-106.714,2996.2
350,350:WY:SNTL,Blackwater,WY,44.37667,-109.79333,2996.2
353,353:WY:SNTL,Blind Bull Sum,WY,42.96413,-110.60992,2706.6
358,358:WY:SNTL,Bone Springs Div,WY,44.67881,-107.5811,2846.8
367,367:WY:SNTL,Brooklyn Lake,WY,41.36038,-106.23038,3124.2
377,377:WY:SNTL,Burgess Junction,WY,44.78765,-107.52917,2411.0
379,379:WY:SNTL,Burroughs Creek,WY,43.69733,-109.67021,2670.0
384,384:WY:SNTL,Canyon,WY,44.71961,-110.51084,2398.8
389,389:WY:SNTL,Casper Mtn.,WY,42.73362,-106.31789,2420.1
1130,1130:WY:SNTL,Castle Creek,WY,43.6748,-109.3774,2563.4
1046,1046:WY:SNTL,Cinnabar Park,WY,41.23843,-106.23101,2947.4
402,402:WY:SNTL,Cloud Peak Reservoir,WY,44.40328,-107.06074,2996.2
405,405:WY:SNTL,Cold Springs,WY,43.27676,-109.44585,2938.3
982,982:WY:SNTL,Cole Canyon,WY,44.48632,-104.41057,1807.5
419,419:WY:SNTL,Cottonwood Creek,WY,42.6459,-110.81482,2350.0
1045,1045:WY:SNTL,Crow Creek,WY,41.22824,-105.38571,2535.9
923,923:WY:SNTL,Deer Park,WY,42.59076,-108.90273,2953.5
449,449:WY:SNTL,Divide Peak,WY,41.30399,-107.15255,2651.8
451,451:WY:SNTL,Dome Lake,WY,44.57462,-107.29537,2709.7
460,460:WY:SNTL,East Rim Divide,WY,43.13097,-110.2023,2441.4
468,468:WY:SNTL,Elkhart Park G.S.,WY,43.00657,-109.75893,2868.2
472,472:WY:SNTL,Evening Star,WY,44.65258,-109.78422,2752.3
1082,1082:WY:SNTL,Grand Targhee,WY,43.77933,-110.92783,2822.4
497,497:WY:SNTL,Granite Creek,WY,43.34298,-110.43495,2063.5
499,499:WY:SNTL,Grassy Lake,WY,44.12602,-110.83429,2234.2
501,501:WY:SNTL,Grave Springs,WY,43.46643,-107.23977,2609.1
506,506:WY:SNTL,Gros Ventre Summit,WY,43.38939,-110.12943,2670.0
944,944:WY:SNTL,Gunsight Pass,WY,43.38332,-109.87815,2993.1
509,509:WY:SNTL,Hams Fork,WY,42.146,-110.67833,2395.7
512,512:WY:SNTL,Hanson Sawmill,WY,44.25602,-106.97983,2548.1
525,525:WY:SNTL,Hobbs Park,WY,42.86984,-109.09455,3072.4
544,544:WY:SNTL,Indian Creek,WY,42.30023,-110.67753,2865.1
554,554:WY:SNTL,Kelley R.S.,WY,42.26554,-110.80181,2511.6
555,555:WY:SNTL,Kendall R.S.,WY,43.24922,-110.01671,2374.4
560,560:WY:SNTL,Kirwin,WY,43.86067,-109.32163,2920.0
571,571:WY:SNTL,Laprele Creek,WY,42.43566,-105.86051,2551.2
1134,1134:WY:SNTL,Larsen Creek,WY,42.58019,-109.08829,2706.6
577,577:WY:SNTL,Lewis Lake Divide,WY,44.20862,-110.66628,2401.8
1131,1131:WY:SNTL,Little Goose,WY,44.54315,-107.17865,2609.1
1047,1047:WY:SNTL,Little Snake River,WY,41.07051,-106.94284,2721.9
585,585:WY:SNTL,Little Warm,WY,43.50278,-109.752,2856.0
597,597:WY:SNTL,Loomis Park,WY,43.17387,-110.14007,2511.6
616,616:WY:SNTL,Marquette,WY,44.3016,-109.24019,2682.2
1196,1196:WY:SNTL,Med Bow,WY,41.37833,-106.34697,3200.4
625,625:WY:SNTL,Middle Powder,WY,43.62733,-107.18152,2365.2
661,661:WY:SNTL,New Fork Lake,WY,43.11265,-109.94947,2554.2
668,668:WY:SNTL,North French Creek,WY,41.33087,-106.37558,3093.7
673,673:WY:SNTL,Old Battle,WY,41.15426,-106.96926,2999.2
676,676:WY:SNTL,Owl Creek,WY,43.65868,-109.00988,2740.2
683,683:WY:SNTL,Parker Peak,WY,44.73396,-109.91484,2871.2
689,689:WY:SNTL,Phillips Bench,WY,43.51687,-110.91258,2490.2
1133,1133:WY:SNTL,Pocket Creek,WY,42.7121,-109.4112,2856.0
703,703:WY:SNTL,Powder River Pass,WY,44.16188,-107.12622,2889.5
716,716:WY:SNTL,Reno Hill,WY,42.57089,-106.08969,2563.4
1015,1015:WY:SNTL,Sage Creek Basin,WY,41.40107,-107.2574,2386.6
730,730:WY:SNTL,Salt River Summit,WY,42.5075,-110.9099,2325.6
731,731:WY:SNTL,Sand Lake,WY,41.4625,-106.281,3072.4
732,732:WY:SNTL,Sandstone RS,WY,41.11179,-107.17043,2484.1
751,751:WY:SNTL,Shell Creek,WY,44.50012,-107.42947,2916.9
764,764:WY:SNTL,Snake River Station,WY,44.13361,-110.66917,2103.1
765,765:WY:SNTL,Snider Basin,WY,42.4949,-110.53203,2462.8
1132,1132:WY:SNTL,Soldier Park,WY,44.34847,-107.0136,2645.7
772,772:WY:SNTL,South Brush Creek,WY,41.3295,-106.5025,2584.7
775,775:WY:SNTL,South Pass,WY,42.57314,-108.84324,2755.4
779,779:WY:SNTL,Spring Creek Divide,WY,42.52516,-110.66148,2749.3
786,786:WY:SNTL,St. Lawrence Alt,WY,43.03312,-109.17021,2624.3
798,798:WY:SNTL,Sucker Creek,WY,44.72279,-107.40035,2694.4
806,806:WY:SNTL,Sylvan Lake,WY,44.47764,-110.15651,2572.5
807,807:WY:SNTL,Sylvan Road,WY,44.47825,-110.03808,2176.3
816,816:WY:SNTL,Thumb Divide,WY,44.36917,-110.57717,2429.3
818,818:WY:SNTL,Tie Creek,WY,44.81243,-107.41017,2148.8
819,819:WY:SNTL,Timber Creek,WY,44.0274,-109.17879,2411.0
822,822:WY:SNTL,Togwotee Pass,WY,43.74902,-110.0578,2923.0
826,826:WY:SNTL,Townsend Creek,WY,42.69525,-108.89572,2657.9
831,831:WY:SNTL,Triple Peak,WY,42.76393,-110.5914,2596.9
837,837:WY:SNTL,Two Ocean Plateau,WY,44.15178,-110.22122,2816.4
852,852:WY:SNTL,Webber Springs,WY,41.1591,-106.92809,2819.4
859,859:WY:SNTL,Whiskey Park,WY,41.00368,-106.90795,2728.0
868,868:WY:SNTL,Willow Creek,WY,42.81513,-110.83515,2456.7
872,872:WY:SNTL,Windy Peak,WY,42.27991,-105.57782,2404.9
875,875:WY:SNTL,Wolverine,WY,44.80417,-109.657,2334.8
878,878:WY:SNTL,Younts Peak,WY,43.93225,-109.81775,2542.0
